Workbook

Sheet Cover
B2: TEST CASE SPECIFICATION
B3: Name & Forms - OTC Allege Pilot
B4: Unit Test Cases & Functional Test Cases
B6: DOCUMENT CONTROL
B7: Document Title | C7: Test Case Specification - Name & Forms OTC Allege Pilot
B8: Test Basis (FSD) | C8: FSD_Name&Forms_OTC_Pilot_v1.0 (Consolidated)
B9: Traces to BRD | C9: BRD_Name&Forms_Pilot_v0.2
B10: Version | C10: 1.0 - Draft for Review
B11: Date | C11: July 2026
B12: Classification | C12: Confidential - Internal Use Only
B13: Owner | C13: SABRE Working Group / QA
B14: Scope | C14: Phase 1a (email-body trades) & Phase 1b (Excel-attachment trades)
B15: Test Types | C15: Unit (component/module level) + Functional (end-to-end scenarios)
B17: PURPOSE & HOW TO USE
B18: • | C18: This workbook operationalises the FSD into an executable test suite. Every test case traces to one or more functional requirements (FR-*) or FSD sections.
B19: • | C19: UNIT TEST CASES verify individual logical components in isolation (Ingestion Agent, Routing Controller, Classifier, Extraction Engine, Matcher tiers, Write-back Service, Config, RBAC, Audit, AI gates) - typically automated / white-box.
B20: • | C20: FUNCTIONAL TEST CASES verify end-to-end business scenarios and capability flows (C1-C7), UI, integrations, error handling and NFRs - typically black-box / UAT.
B21: • | C21: Testers fill the yellow-highlighted columns during execution: Actual Result, Status (Pass/Fail/Blocked), Executed By, Executed On, Defect Ref.
B22: • | C22: The Summary & Traceability tab auto-counts coverage and status via live formulas.
B24: LEGEND
B25: Priority | C25: P1 = Critical (core flow / financial / security / audit) | P2 = High | P3 = Medium/Low
B26: Test Type (Unit) | C26: Positive | Negative | Boundary | Config | Security | Data-Validation
B27: Test Type (Functional) | C27: E2E | Positive | Negative | Edge | Integration | Performance | Security
B28: Status values | C28: Not Executed | Pass | Fail | Blocked | Deferred
B29: Tester-input cells | C29: Yellow fill = to be completed during execution
B30: Marker tags | C30: [FSD-ADD] implementation detail | [PHASE-2+]/[PHASE-3] out-of-scope, negative-assertion only
B32: NOTE - FSD GAP | C32: FSD Section 8 (Capability 5: Analyst Extraction Confirmation) was missing from the consolidated source. C5 test cases here (FT-C5-*) are INFERRED from related requirements (FR-EXT-008, FR-TAG-010, FR-UI-006 and the CONFIRMED lifecycle state) and must be re-validated once Section 8 is supplied.

Sheet Summary & Traceability
B2: SUMMARY & TRACEABILITY
B3: Live counts (auto-calculated). Update Status columns in the test sheets and these refresh on open.
B5: COVERAGE BY TEST SET
B6: Test Set | C6: Total Cases | D6: P1 (Critical) | E6: P2 (High) | F6: P3 (Med/Low)
B7: Unit Test Cases | C7: =COUNTA('Unit Test Cases'!$A$3:$A$145) | D7: =COUNTIF('Unit Test Cases'!$J$3:$J$145,"P1") | E7: =COUNTIF('Unit Test Cases'!$J$3:$J$145,"P2") | F7: =COUNTIF('Unit Test Cases'!$J$3:$J$145,"P3")
B8: Functional Test Cases | C8: =COUNTA('Functional Test Cases'!$A$3:$A$91) | D8: =COUNTIF('Functional Test Cases'!$J$3:$J$91,"P1") | E8: =COUNTIF('Functional Test Cases'!$J$3:$J$91,"P2") | F8: =COUNTIF('Functional Test Cases'!$J$3:$J$91,"P3")
B9: TOTAL | C9: =SUM(C7:C8) | D9: =SUM(D7:D8) | E9: =SUM(E7:E8) | F9: =SUM(F7:F8)
B11: EXECUTION STATUS
B12: Status | C12: Unit | D12: Functional | E12: Total
B13: Not Executed | C13: =COUNTIF('Unit Test Cases'!$K$3:$K$145,"Not Executed") | D13: =COUNTIF('Functional Test Cases'!$K$3:$K$91,"Not Executed") | E13: =C13+D13
B14: Pass | C14: =COUNTIF('Unit Test Cases'!$K$3:$K$145,"Pass") | D14: =COUNTIF('Functional Test Cases'!$K$3:$K$91,"Pass") | E14: =C14+D14
B15: Fail | C15: =COUNTIF('Unit Test Cases'!$K$3:$K$145,"Fail") | D15: =COUNTIF('Functional Test Cases'!$K$3:$K$91,"Fail") | E15: =C15+D15
B16: Blocked | C16: =COUNTIF('Unit Test Cases'!$K$3:$K$145,"Blocked") | D16: =COUNTIF('Functional Test Cases'!$K$3:$K$91,"Blocked") | E16: =C16+D16
B17: Deferred | C17: =COUNTIF('Unit Test Cases'!$K$3:$K$145,"Deferred") | D17: =COUNTIF('Functional Test Cases'!$K$3:$K$91,"Deferred") | E17: =C17+D17
B18: TOTAL | C18: =SUM(C13:C17) | D18: =SUM(D13:D17) | E18: =SUM(E13:E17)
B19: Pass Rate | E19: =IFERROR(E14/E18,0)
B22: REQUIREMENT / CAPABILITY TRACEABILITY
B23: FSD Capability / Area | C23: Requirement Range | D23: Unit TC IDs | E23: Functional TC IDs
B24: C1 Email Ingestion | C24: FR-ING-001..006, FR-RTE-001..004 | D24: UT-ING-001..008, UT-RTE-001..007 | E24: FT-C1-001..003
B25: C2 Email Identification | C25: FR-ID-001..017 | D25: UT-IDS-001..010, UT-IDC-001..009 | E25: FT-C2-001..007
B26: C3 Outlook Tagging | C26: FR-TAG-001..013 | D26: UT-TAG-001..009 | E26: FT-C3-001..003
B27: C4 Field Extraction | C27: FR-EXT-001..033 | D27: UT-EXB-001..018, UT-EXX-001..012, UT-EXM-001..004 | E27: FT-C4-001..009
B28: C5 Analyst Confirmation | C28: FSD §8 (missing) - inferred | D28: (covered via UT-EXB-015, UT-AUD-004) | E28: FT-C5-001..003 (inferred)
B29: C6 Compare & Match | C29: FR-MTH-001..023 | D29: UT-MT1-001..006, UT-MT2-001..013, UT-MT3-001..005 | E29: FT-C6-001..010
B30: C7 Action & Write-back | C30: FR-WRB-001..008 | D30: UT-WRB-001..009 | E30: FT-C7-001..008
B31: UI / UX | C31: FR-UI-001..032 | D31: (see Config UT-CFG-*) | E31: FT-UI-001..013
B32: Integration | C32: INT-001..008 | D32: (see UT-* per component) | E32: FT-INT-001..007
B33: Data Model & Config | C33: §13, §17 | D33: UT-CFG-001..008 | E33: FT-UI-011..012
B34: RBAC | C34: FR-RBAC-001..005 | D34: UT-RBAC-001..008 | E34: FT-RBAC-001..003
... B38: Non-Functional | C38: NFR-001..009 | D38: (design-level) | E38: FT-NFR-001..008
B40: Note: FSD §8 (Capability 5) was absent from the consolidated source; FT-C5-* are inferred from FR-EXT-008, FR-TAG-010, FR-UI-006 and the CONFIRMED lifecycle state - re-validate on receipt of §8.

Sheet Unit Test Cases
A1: UNIT TEST CASES
A2: Test Case ID | B2: Component / Module | C2: Requirement Ref | D2: Test Objective | E2: Preconditions | F2: Test Steps / Input | G2: Test Data | H2: Expected Result | I2: Test Type | J2: Priority | K2: Status | L2: Actual Result | M2: Executed By | N2: Executed On | O2: Defect Ref
A3: UT-ING-001 | B3: Ingestion Agent | C3: FR-ING-001 | D3: Verify the agent monitors the OTC shared mailbox on a configurable polling interval. | E3: Ingestion service running; mailbox reachable. | F3: 1. Set polling interval in Admin. 2. Start poll scheduler. 3. Observe poll trigger cadence. | G3: Interval = 60 min | H3: Agent polls otcsettlements@nomura.com exactly on the configured cadence. | I3: Positive | J3: P1 | K3: Not Executed
A4: UT-ING-002 | B4: Ingestion Agent | C4: FR-ING-002 | D4: Verify default pilot polling interval is 60 minutes. | E4: Fresh deployment, no override. | F4: 1. Inspect default config value for polling_interval_mins. | G4: Default install | H4: polling_interval_mins defaults to 60. | I4: Positive | J4: P2 | K4: Not Executed
A5: UT-ING-003 | B5: Ingestion Agent | C5: FR-ING-002 | D5: Verify polling interval is changeable via Admin panel without code deployment. | E5: Admin session. | F5: 1. Change interval 60->15 in Admin. 2. Save. 3. Confirm next poll uses new value. | G5: 60 -> 15 min | H5: New interval applies at next cycle; no redeploy needed. | I5: Config | J5: P2 | K5: Not Executed
A6: UT-ING-004 | B6: Ingestion Agent | C6: FR-ING-003 | D6: Verify each poll retrieves only emails arrived since last successful poll timestamp. | E6: Known last-poll timestamp T0. | F6: 1. Inject emails before & after T0. 2. Run poll. | G6: 2 pre-T0, 3 post-T0 mails | H6: Only the 3 post-T0 emails are retrieved. | I6: Positive | J6: P1 | K6: Not Executed
A7: UT-ING-005 | B7: Ingestion Agent | C7: FR-ING-004 | D7: Verify polling failure retries with exponential back-off (3 attempts, configurable). | E7: Mailbox connection forced to fail. | F7: 1. Force connection error. 2. Observe retry attempts & intervals. | G7: Retries=3 | H7: 3 retries with increasing back-off intervals before giving up. | I7: Negative | J7: P1 | K7: Not Executed
A8: UT-ING-006 | B8: Ingestion Agent | C8: FR-ING-004 | D8: Verify operational alert raised to Settlements Ops after final retry failure. | E8: As UT-ING-005. | F8: 1. Exhaust all retries. 2. Inspect alert channel. | G8: Retries exhausted | H8: One operational alert raised to Settlements Operations. | I8: Negative | J8: P1 | K8: Not Executed
A9: UT-ING-007 | B9: Ingestion Agent | C9: FR-ING-005 | D9: Verify last-successful-poll timestamp is persisted durably so restart does not re-process. | E9: Successful poll completed. | F9: 1. Record persisted timestamp. 2. Restart service. 3. Run poll. | G9: Service restart | H9: No previously-retrieved email is re-processed after restart. | I9: Positive | J9: P1 | K9: Not Executed
A10: UT-ING-008 | B10: Ingestion Agent | C10: FR-ING-006 | D10: Verify duplicate detection (same Message-ID) is NOT active in Phase 1. | E10: Two emails with identical Message-ID. | F10: 1. Ingest both. 2. Observe handling. | G10: Duplicate Message-ID | H10: Both processed (no dedup); behaviour deferred to Phase 2. [PHASE-2+] | I10: Negative | J10: P3 | K10: Not Executed
A11: UT-RTE-001 | B11: Routing Controller | C11: FR-RTE-001 | D11: Verify routing percentage accepts any integer 0-100. | E11: Admin session. | F11: 1. Set routing_pct to 0,50,100 in turn. | G11: 0 / 50 / 100 | H11: All values accepted and applied. | I11: Positive | J11: P1 | K11: Not Executed
A12: UT-RTE-002 | B12: Routing Controller | C12: FR-RTE-001 | D12: Verify routing percentage rejects out-of-range values. | E12: Admin session. | F12: 1. Attempt routing_pct = -5 and 150. | G12: -5 / 150 | H12: Validation error; value not saved. | I12: Negative | J12: P2 | K12: Not Executed
A13: UT-RTE-003 | B13: Routing Controller | C13: FR-RTE-002 | D13: Verify emails allocated to manual workflow are not tagged or modified. | E13: routing_pct < 100. | F13: 1. Ingest batch. 2. Inspect manual-flow emails. | G13: routing_pct=50 | H13: Manual-flow emails carry no new tag and are unmodified. | I13: Positive | J13: P1 | K13: Not Executed
A14: UT-RTE-004 | B14: Routing Controller | C14: FR-RTE-003 | D14: Verify routing % change is logged with effective-from timestamp and admin identity. | E14: Admin session. | F14: 1. Change routing_pct. 2. Inspect audit trail. | G14: 30 -> 60 | H14: Audit row: old/new value, effective-from, admin id. | I14: Config | J14: P1 | K14: Not Executed
... A145: UT-AIQ-008 | B145: AI Decision Gates | C145: FR-AIQ-011 | D145: Verify drift detection monitors override spikes, confidence drop, per-CP/product accuracy. | E145: Drift monitor active. | F145: 1. Trigger each drift signal. | G145: 3 signals | H145: All three signals detected. | I145: Positive | J145: P2 | K145: Not Executed

Sheet Functional Test Cases
A1: FUNCTIONAL TEST CASES
A2: Test Case ID | B2: Capability / Area | C2: Requirement Ref | D2: Scenario / Title | E2: Preconditions | F2: Test Steps | G2: Test Data | H2: Expected Result | I2: Test Type | J2: Priority | K2: Status | L2: Actual Result | M2: Executed By | N2: Executed On | O2: Defect Ref
A3: FT-C1-001 | B3: C1 Email Ingestion | C3: FR-ING-001/003 | D3: New in-scope counterparty email is ingested and queued for processing. | E3: Routing=100%; mailbox reachable. | F3: 1. Send new external trade email. 2. Wait for poll. 3. Check queue. | G3: New CP email | H3: Email ingested and queued; last-poll timestamp advanced. | I3: E2E | J3: P1 | K3: Not Executed
A4: FT-C1-002 | B4: C1 Email Ingestion | C4: FR-RTE-001/002 | D4: Routing throttle at 30% splits traffic between new solution and manual flow. | E4: routing_pct=30. | F4: 1. Ingest 100 in-scope mails. 2. Count split. | G4: 100 mails, 30% | H4: ~30 to new solution, ~70 to manual; manual untouched. | I4: Positive | J4: P2 | K4: Not Executed
A5: FT-C1-003 | B5: C1 Email Ingestion | C5: FR-ING-004/005 | D5: Poll failure then restart recovers without loss or reprocessing. | E5: Emails pending. | F5: 1. Force poll failure. 2. Retry/alert. 3. Restart service. 4. Resume poll. | G5: Outage window | H5: No email lost; none reprocessed; alert raised. | I5: E2E | J5: P1 | K5: Not Executed
A6: FT-C2-001 | B6: C2 Identification | C6: FR-ID-001 | D6: Internal @nomura.com email is dropped end-to-end. | E6: Filter active. | F6: 1. Send from internal address. 2. Observe outcome. | G6: Internal sender | H6: Dropped; not tagged; drop audited. | I6: Negative | J6: P1 | K6: Not Executed
A7: FT-C2-002 | B7: C2 Identification | C7: FR-ID-003 | D7: Reply email on an existing thread is dropped. | E7: Filter active. | F7: 1. Send reply with In-Reply-To. 2. Observe. | G7: Reply email | H7: Dropped; drop logged. | I7: Negative | J7: P1 | K7: Not Executed
A8: FT-C2-003 | B8: C2 Identification | C8: FR-ID-004 | D8: Bounce-back (NDR) email is dropped with distinct reason. | E8: Filter active. | F8: 1. Trigger NDR to mailbox. 2. Observe. | G8: NDR email | H8: Dropped; reason 'bounce-back'. | I8: Negative | J8: P2 | K8: Not Executed
A9: FT-C2-004 | B9: C2 Identification | C9: FR-ID-005 | D9: Out-of-office auto-reply is dropped with distinct reason. | E9: Filter active. | F9: 1. Send OOO auto-reply. 2. Observe. | G9: OOO email | H9: Dropped; reason 'auto-reply'. | I9: Negative | J9: P2 | K9: Not Executed
A10: FT-C2-005 | B10: C2 Identification | C10: FR-ID-012 | D10: SSI-verification email is classified, tagged SSI_VERIFICATION and NOT advanced. | E10: Classifier live. | F10: 1. Send SSI-verification email. 2. Observe label/tag. | G10: SSI email | H10: Tagged SSI_VERIFICATION; extraction not triggered. | I10: E2E | J10: P1 | K10: Not Executed
A11: FT-C2-006 | B11: C2 Identification | C11: FR-ID-013 | D11: Reaffirmation email is classified, tagged and NOT advanced. | E11: Classifier live. | F11: 1. Send reaffirmation email. 2. Observe. | G11: Reaffirm email | H11: Tagged CONFIRMATION_REAFFIRMATION; not advanced. | I11: E2E | J11: P1 | K11: Not Executed
A12: FT-C2-007 | B12: C2 Identification | C12: FR-ID-014 | D12: Ambiguous email (both labels below threshold) proceeds to extraction. | E12: Classifier live. | F12: 1. Send ambiguous trade email. 2. Observe. | G12: Ambiguous email | H12: Advances to extraction; below-threshold logged. | I12: E2E | J12: P1 | K12: Not Executed
A13: FT-C3-001 | B13: C3 Outlook Tagging | C13: FR-TAG-003/004 | D13: Picked email tagged with analyst-id + state via alphabet mapping. | E13: analyst_client_map set. | F13: 1. Pick email for CP 'Deutsche'. 2. Inspect Outlook tag. | G13: CP=Deutsche | H13: Tag '<analyst>, AWAITING_CONFIRMATION' per mapping. | I13: E2E | J13: P1 | K13: Not Executed
A14: FT-C3-002 | B14: C3 Outlook Tagging | C14: FR-TAG-010/011/012 | D14: Tag lifecycle transitions correctly across a full processing run. | E14: Email in progress. | F14: 1. Progress confirm->match->resolve. 2. Observe tag at each step. | G14: Full run | H14: Tags follow AWAITING_CONFIRMATION->AWAITING_REVIEW->RESOLVED_*. | I14: E2E | J14: P1 | K14: Not Executed
... A91: FT-NFR-008 | B91: NFR - Extensibility | C91: NFR-009 | D91: Matcher has read access designed for broader settlement systems, not only Phase-1 needs. | E91: Architecture review. | F91: 1. Inspect matcher data access. | G91: arch review | H91: Read access spans relevant settlement systems. | I91: Positive | J91: P3 | K91: Not Executed
