Workbook

Sheet Functional Requirements
A1: FUNCTIONAL REQUIREMENTS - MASTER TRACEABILITY MATRIX
A2: Source: RFI - AI Powered Audit Intelligence System v1.2, Section 3.1 Scope of Work. 228 requirements across the 9 in-scope solutions. Priority, Complexity and Completion are drop-downs. Filter or sort on any column.
A4: Req ID | B4: Module / Solution | C4: Sub-Module / Category | D4: Requirement | E4: Detailed Description | F4: Priority | G4: Complexity | H4: Completion
A5: CCM-001 | B5: Continuous Control Monitoring (CCM) | C5: Control Evaluation | D5: Automated and Continuous Control Evaluation | E5: The solution must be capable of performing automated, periodic, and continuous evaluation of key controls, ensuring timely identification of control deficiencies. | F5: Must-Have | G5: High | H5: Yes
A6: CCM-002 | B6: Continuous Control Monitoring (CCM) | C6: Data Ingestion | D6: Real-Time and Flexible Data Ingestion | E6: The system should support near real-time ingestion of data from the Data Warehouse or source systems, including API-based, modular ingestion mechanisms and other integration methods. | F6: Should-Have | G6: High | H6: No
A7: CCM-003 | B7: Continuous Control Monitoring (CCM) | C7: Exception Management | D7: Exception Management and Risk Analytics | E7: The platform must provide exception flagging, automated alerting, risk scoring, and trend analysis to enable proactive monitoring and timely intervention. | F7: Must-Have | G7: Medium | H7: Yes
A8: CCM-004 | B8: Continuous Control Monitoring (CCM) | C8: Rules Engine | D8: Configurable Rules and Thresholds | E8: Users must be able to configure rules, thresholds, control logic, and risk indicators through a no-code or low-code interface. | F8: Must-Have | G8: High | H8: Yes
A9: CCM-005 | B9: Continuous Control Monitoring (CCM) | C9: Alerting | D9: Automated Alerting for Control Breaches | E9: The workflow must automatically trigger alerts for threshold breaches, anomalous behaviour, and non-compliance with defined controls. | F9: Must-Have | G9: Medium | H9: Yes
A10: CCM-006 | B10: Continuous Control Monitoring (CCM) | C10: Workflow | D10: Workflow-Driven Analytics and Remediation | E10: The system should offer workflows that enable correlation analysis, root-cause identification, assignment to auditees for action, and end-to-end remediation tracking. | F10: Should-Have | G10: High | H10: No
A11: CCM-007 | B11: Continuous Control Monitoring (CCM) | C11: Orchestration | D11: Automated Response and Orchestration | E11: The solution must support automated response actions and orchestration hooks that can initiate remediation workflows or downstream processes. | F11: Must-Have | G11: High | H11: No
A12: CCM-008 | B12: Continuous Control Monitoring (CCM) | C12: Monitoring | D12: Advanced Monitoring and Anomaly Detection | E12: The system must provide automated alerting, correlation, anomaly detection, and intelligence-aligned monitoring capabilities for enhanced risk visibility. | F12: Must-Have | G12: High | H12: Yes
A13: CCM-009 | B13: Continuous Control Monitoring (CCM) | C13: Drift Detection | D13: Change and Configuration Drift Detection | E13: The platform should detect unauthorised changes, baseline deviations, and control drift automatically. | F13: Should-Have | G13: High | H13: No
A14: CCM-010 | B14: Continuous Control Monitoring (CCM) | C14: Dashboards | D14: Real-Time Dashboards and Visualisation | E14: The system must generate real-time dashboards for continuous visibility into control performance, risk indicators, and remediation status. | F14: Must-Have | G14: Medium | H14: Yes
A15: CCM-011 | B15: Continuous Control Monitoring (CCM) | C15: Architecture | D15: API-Driven, Modular Architecture | E15: The platform should follow an API-driven, modular, microservices-friendly architecture, enabling seamless ingestion and export of monitoring data, audit logs, and continuous assessment results. | F15: Should-Have | G15: High | H15: Yes
... A232: CHB-003 | B232: ChatBot for Policies, SOPs and Documents | C232: Security | D232: Role-Based Access and Secure Delivery | E232: Role-based access and secure information delivery. | F232: Must-Have | G232: Medium | H232: No

Sheet Completion Summary
A1: COMPLETION SUMMARY BY SOLUTION
A2: Live view of the Completion column on the Functional Requirements sheet. Every figure below is a formula - change any Yes/No there and these update automatically.
A4: # | B4: Module / Solution | C4: Total Requirements | D4: Completed (Yes) | E4: Pending (No) | F4: Completion % | G4: Must-Have Total | H4: Must-Have Completed | I4: Must-Have Completion %
A5: M1 | B5: Continuous Control Monitoring (CCM) | C5: =COUNTIF('Functional Requirements'!$B:$B,$B5) | D5: =COUNTIFS('Functional Requirements'!$B:$B,$B5,'Functional Requirements'!$H:$H,"Yes") | E5: =C5-D5 | F5: =IF(C5=0,0,D5/C5) | G5: =COUNTIFS('Functional Requirements'!$B:$B,$B5,'Functional Requirements'!$F:$F,"Must-Have") | H5: =COUNTIFS('Functional Requirements'!$B:$B,$B5,'Functional Requirements'!$F:$F,"Must-Have",'Functional Requirements'!$H:$H,"Yes") | I5: =IF(G5=0,0,H5/G5)
A6: M2 | B6: Pre-Audit Checks Automation | C6: =COUNTIF('Functional Requirements'!$B:$B,$B6) | D6: =COUNTIFS('Functional Requirements'!$B:$B,$B6,'Functional Requirements'!$H:$H,"Yes") | E6: =C6-D6 | F6: =IF(C6=0,0,D6/C6) | G6: =COUNTIFS('Functional Requirements'!$B:$B,$B6,'Functional Requirements'!$F:$F,"Must-Have") | H6: =COUNTIFS('Functional Requirements'!$B:$B,$B6,'Functional Requirements'!$F:$F,"Must-Have",'Functional Requirements'!$H:$H,"Yes") | I6: =IF(G6=0,0,H6/G6)
A7: M3 | B7: VKYC Audit Automation | C7: =COUNTIF('Functional Requirements'!$B:$B,$B7) | D7: =COUNTIFS('Functional Requirements'!$B:$B,$B7,'Functional Requirements'!$H:$H,"Yes") | E7: =C7-D7 | F7: =IF(C7=0,0,D7/C7) | G7: =COUNTIFS('Functional Requirements'!$B:$B,$B7,'Functional Requirements'!$F:$F,"Must-Have") | H7: =COUNTIFS('Functional Requirements'!$B:$B,$B7,'Functional Requirements'!$F:$F,"Must-Have",'Functional Requirements'!$H:$H,"Yes") | I7: =IF(G7=0,0,H7/G7)
A8: M4 | B8: KYC Audit Automation | C8: =COUNTIF('Functional Requirements'!$B:$B,$B8) | D8: =COUNTIFS('Functional Requirements'!$B:$B,$B8,'Functional Requirements'!$H:$H,"Yes") | E8: =C8-D8 | F8: =IF(C8=0,0,D8/C8) | G8: =COUNTIFS('Functional Requirements'!$B:$B,$B8,'Functional Requirements'!$F:$F,"Must-Have") | H8: =COUNTIFS('Functional Requirements'!$B:$B,$B8,'Functional Requirements'!$F:$F,"Must-Have",'Functional Requirements'!$H:$H,"Yes") | I8: =IF(G8=0,0,H8/G8)
A9: M5 | B9: Audit Checklist Automation | C9: =COUNTIF('Functional Requirements'!$B:$B,$B9) | D9: =COUNTIFS('Functional Requirements'!$B:$B,$B9,'Functional Requirements'!$H:$H,"Yes") | E9: =C9-D9 | F9: =IF(C9=0,0,D9/C9) | G9: =COUNTIFS('Functional Requirements'!$B:$B,$B9,'Functional Requirements'!$F:$F,"Must-Have") | H9: =COUNTIFS('Functional Requirements'!$B:$B,$B9,'Functional Requirements'!$F:$F,"Must-Have",'Functional Requirements'!$H:$H,"Yes") | I9: =IF(G9=0,0,H9/G9)
A10: M6 | B10: Data Analytics for Internal Audit | C10: =COUNTIF('Functional Requirements'!$B:$B,$B10) | D10: =COUNTIFS('Functional Requirements'!$B:$B,$B10,'Functional Requirements'!$H:$H,"Yes") | E10: =C10-D10 | F10: =IF(C10=0,0,D10/C10) | G10: =COUNTIFS('Functional Requirements'!$B:$B,$B10,'Functional Requirements'!$F:$F,"Must-Have") | H10: =COUNTIFS('Functional Requirements'!$B:$B,$B10,'Functional Requirements'!$F:$F,"Must-Have",'Functional Requirements'!$H:$H,"Yes") | I10: =IF(G10=0,0,H10/G10)
A11: M7 | B11: Audit Life Cycle Management (ALCM) | C11: =COUNTIF('Functional Requirements'!$B:$B,$B11) | D11: =COUNTIFS('Functional Requirements'!$B:$B,$B11,'Functional Requirements'!$H:$H,"Yes") | E11: =C11-D11 | F11: =IF(C11=0,0,D11/C11) | G11: =COUNTIFS('Functional Requirements'!$B:$B,$B11,'Functional Requirements'!$F:$F,"Must-Have") | H11: =COUNTIFS('Functional Requirements'!$B:$B,$B11,'Functional Requirements'!$F:$F,"Must-Have",'Functional Requirements'!$H:$H,"Yes") | I11: =IF(G11=0,0,H11/G11)
A12: M8 | B12: Agentic AI for Audit Functions | C12: =COUNTIF('Functional Requirements'!$B:$B,$B12) | D12: =COUNTIFS('Functional Requirements'!$B:$B,$B12,'Functional Requirements'!$H:$H,"Yes") | E12: =C12-D12 | F12: =IF(C12=0,0,D12/C12) | G12: =COUNTIFS('Functional Requirements'!$B:$B,$B12,'Functional Requirements'!$F:$F,"Must-Have") | H12: =COUNTIFS('Functional Requirements'!$B:$B,$B12,'Functional Requirements'!$F:$F,"Must-Have",'Functional Requirements'!$H:$H,"Yes") | I12: =IF(G12=0,0,H12/G12)
A13: M9 | B13: ChatBot for Policies, SOPs and Documents | C13: =COUNTIF('Functional Requirements'!$B:$B,$B13) | D13: =COUNTIFS('Functional Requirements'!$B:$B,$B13,'Functional Requirements'!$H:$H,"Yes") | E13: =C13-D13 | F13: =IF(C13=0,0,D13/C13) | G13: =COUNTIFS('Functional Requirements'!$B:$B,$B13,'Functional Requirements'!$F:$F,"Must-Have") | H13: =COUNTIFS('Functional Requirements'!$B:$B,$B13,'Functional Requirements'!$F:$F,"Must-Have",'Functional Requirements'!$H:$H,"Yes") | I13: =IF(G13=0,0,H13/G13)
B14: TOTAL - ALL SOLUTIONS | C14: =SUM(C5:C13) | D14: =SUM(D5:D13) | E14: =SUM(E5:E13) | F14: =IF(C14=0,0,D14/C14) | G14: =SUM(G5:G13) | H14: =SUM(H5:H13) | I14: =IF(G14=0,0,H14/G14)
A15: Formulas use whole-column references, so inserting or deleting requirement rows on the Functional Requirements sheet is handled automatically. Pending = Total - Completed, so a cleared Completion cell counts as pending.
